{"cameraMode":{"drawMode":0,"name":"Shaded","section":"Shading Mode"},"sceneLighting":false,"audioPlay":false,"sceneViewState":{"m_AlwaysRefresh":false,"showFog":true,"showSkybox":false,"showFlares":true,"showImageEffects":true,"showParticleSystems":true,"showVisualEffectGraphs":true,"m_FxEnabled":true},"in2DMode":false,"pivot":{"x":0.005818076431751251,"y":-0.011224016547203064,"z":-0.06829354166984558},"rotation":{"x":0.10997224599123001,"y":-0.7351744771003723,"z":0.12362538278102875,"w":0.6575738787651062},"size":0.06348483264446259,"orthographic":false}