{"cameraMode":{"drawMode":0,"name":"Shaded","section":"Shading Mode"},"sceneLighting":false,"audioPlay":false,"sceneViewState":{"m_AlwaysRefresh":false,"showFog":true,"showSkybox":false,"showFlares":true,"showImageEffects":true,"showParticleSystems":true,"showVisualEffectGraphs":true,"m_FxEnabled":true},"in2DMode":false,"pivot":{"x":0.5614339709281921,"y":0.20237231254577638,"z":0.09097814559936524},"rotation":{"x":-0.1929481029510498,"y":0.7953014373779297,"z":-0.4717289209365845,"w":-0.3292103707790375},"size":2.6027824878692629,"orthographic":true}