{"cameraMode":{"drawMode":0,"name":"Shaded","section":"Shading Mode"},"sceneLighting":false,"audioPlay":false,"sceneViewState":{"m_AlwaysRefresh":false,"showFog":true,"showSkybox":false,"showFlares":true,"showImageEffects":true,"showParticleSystems":true,"showVisualEffectGraphs":true,"m_FxEnabled":true},"in2DMode":false,"pivot":{"x":-15.950000762939454,"y":-0.009999999776482582,"z":-20.700000762939454},"rotation":{"x":0.029857615008950235,"y":-0.7925514578819275,"z":0.03908645361661911,"w":0.6079629063606262},"size":16.02008628845215,"orthographic":false}