{"cameraMode":{"drawMode":0,"name":"Shaded","section":"Shading Mode"},"sceneLighting":false,"audioPlay":false,"sceneViewState":{"m_AlwaysRefresh":false,"showFog":true,"showSkybox":false,"showFlares":true,"showImageEffects":true,"showParticleSystems":true,"showVisualEffectGraphs":true,"m_FxEnabled":true},"in2DMode":false,"pivot":{"x":-0.13398884236812592,"y":1.8021326065063477,"z":0.5907334089279175},"rotation":{"x":-0.13304685056209565,"y":-0.8076783418655396,"z":0.1984247863292694,"w":-0.5392963886260986},"size":0.24335867166519166,"orthographic":false}