{"cameraMode":{"drawMode":0,"name":"Shaded","section":"Shading Mode"},"sceneLighting":false,"audioPlay":false,"sceneViewState":{"m_AlwaysRefresh":false,"showFog":true,"showSkybox":false,"showFlares":true,"showImageEffects":true,"showParticleSystems":true,"showVisualEffectGraphs":true,"m_FxEnabled":true},"in2DMode":false,"pivot":{"x":0.16506576538085938,"y":2.8120479583740236,"z":3.2120299339294435},"rotation":{"x":-0.07800385355949402,"y":-0.9237579703330994,"z":0.25728172063827517,"w":-0.27391964197158816},"size":3.020561456680298,"orthographic":true}